date, value
18/02/2014,102.298
19/02/2014,103.028
20/02/2014,102.784
21/02/2014,102.2
24/02/2014,102.82
25/02/2014,101.83
26/02/2014,102.59
27/02/2014,102.4
28/02/2014,102.59
03/03/2014,104.92
04/03/2014,103.33
05/03/2014,101.45
06/03/2014,101.56
07/03/2014,102.58
10/03/2014,101.12
11/03/2014,100.03
12/03/2014,97.99
13/03/2014,98.2
14/03/2014,98.89
17/03/2014,97.988
18/03/2014,99.372
19/03/2014,99.65
20/03/2014,99.006
21/03/2014,99.46
24/03/2014,99.6
25/03/2014,99.19
26/03/2014,100.26
27/03/2014,101.28
28/03/2014,101.67
31/03/2014,101.58
01/04/2014,99.74
02/04/2014,99.62
03/04/2014,100.29
04/04/2014,101.14
07/04/2014,100.44
08/04/2014,102.56
09/04/2014,103.6
10/04/2014,103.4
11/04/2014,103.74
14/04/2014,104.05
15/04/2014,103.75
16/04/2014,103.614
17/04/2014,103.928
21/04/2014,103.938
22/04/2014,101.826
23/04/2014,101.44
24/04/2014,101.94
25/04/2014,100.6
28/04/2014,100.84
29/04/2014,101.28
30/04/2014,99.74
01/05/2014,99.42
02/05/2014,99.76
05/05/2014,99.48
06/05/2014,99.5
07/05/2014,100.77
08/05/2014,100.26
09/05/2014,99.99
12/05/2014,100.59
13/05/2014,101.7
14/05/2014,102.37
15/05/2014,101.426
16/05/2014,101.844
19/05/2014,102.31
20/05/2014,102.352
21/05/2014,104.07
22/05/2014,103.74
23/05/2014,104.35
27/05/2014,104.11
28/05/2014,102.72
29/05/2014,103.58
30/05/2014,102.71
02/06/2014,102.47
03/06/2014,102.66
04/06/2014,102.64
05/06/2014,102.48
06/06/2014,102.66
09/06/2014,104.41
10/06/2014,104.35
11/06/2014,104.4
12/06/2014,106.53
13/06/2014,106.91
16/06/2014,106.9
17/06/2014,106.262
18/06/2014,105.818
19/06/2014,106.202
20/06/2014,106.916
23/06/2014,106.17
24/06/2014,106.03
25/06/2014,106.5
26/06/2014,105.84
27/06/2014,105.74
30/06/2014,105.37
01/07/2014,105.34
02/07/2014,104.48
03/07/2014,104.06
07/07/2014,103.53
08/07/2014,103.4
09/07/2014,102.29
10/07/2014,102.93
11/07/2014,100.83
14/07/2014,100.91
15/07/2014,99.96
16/07/2014,101.2
17/07/2014,102.992
18/07/2014,102.658
21/07/2014,103.552
22/07/2014,102.796
23/07/2014,103.12
24/07/2014,102.07
25/07/2014,102.09
28/07/2014,101.67
29/07/2014,100.97
30/07/2014,100.27
31/07/2014,98.17
01/08/2014,97.88
04/08/2014,98.29
05/08/2014,97.38
06/08/2014,96.92
07/08/2014,97.34
08/08/2014,97.65
11/08/2014,98.08
12/08/2014,97.37
13/08/2014,97.59
14/08/2014,95.58
15/08/2014,96.944
18/08/2014,95.346
19/08/2014,93.508
20/08/2014,93.974
21/08/2014,93.96
22/08/2014,93.65
25/08/2014,93.35
26/08/2014,93.86
27/08/2014,93.88
28/08/2014,94.55
29/08/2014,95.96
02/09/2014,92.88
03/09/2014,95.54
04/09/2014,94.45
05/09/2014,93.29
08/09/2014,92.66
09/09/2014,92.75
10/09/2014,91.67
11/09/2014,92.83
12/09/2014,92.27
15/09/2014,92.92
16/09/2014,94.88
17/09/2014,94.176
18/09/2014,92.634
19/09/2014,91.954
22/09/2014,91
23/09/2014,91.56
24/09/2014,92.8
25/09/2014,92.53
26/09/2014,93.54
29/09/2014,94.57
30/09/2014,91.16
01/10/2014,90.73
02/10/2014,91.01
03/10/2014,89.74
06/10/2014,90.34
07/10/2014,88.85
08/10/2014,87.31
09/10/2014,85.77
10/10/2014,85.82
13/10/2014,85.74
14/10/2014,81.84
15/10/2014,81.78
16/10/2014,82.55
17/10/2014,82.474
20/10/2014,82.23
21/10/2014,82.554
22/10/2014,80.52
23/10/2014,82.09
24/10/2014,81.01
27/10/2014,81
28/10/2014,81.42
29/10/2014,82.2
30/10/2014,81.12
31/10/2014,80.54
03/11/2014,78.78
04/11/2014,77.19
05/11/2014,78.68
06/11/2014,77.91
07/11/2014,78.65
10/11/2014,77.4
11/11/2014,77.94
12/11/2014,77.18
13/11/2014,74.21
14/11/2014,75.82
17/11/2014,75.644
18/11/2014,74.622
19/11/2014,74.532
20/11/2014,75.796
21/11/2014,76.51
24/11/2014,75.78
25/11/2014,74.09
26/11/2014,73.69
28/11/2014,66.15
01/12/2014,69
02/12/2014,66.88
03/12/2014,67.38
04/12/2014,66.81
05/12/2014,65.84
08/12/2014,63.05
09/12/2014,63.82
10/12/2014,60.94
11/12/2014,59.95
12/12/2014,57.81
15/12/2014,55.91
16/12/2014,55.996
17/12/2014,56.598
18/12/2014,54.26
19/12/2014,57.008
22/12/2014,55.26
23/12/2014,57.12
24/12/2014,55.84
26/12/2014,54.73
29/12/2014,53.61
30/12/2014,54.12
31/12/2014,53.27
02/01/2015,52.69
05/01/2015,50.04
06/01/2015,47.93
07/01/2015,48.65
08/01/2015,48.79
09/01/2015,48.36
12/01/2015,46.07
13/01/2015,45.89
14/01/2015,48.576
15/01/2015,46.442
16/01/2015,48.954
20/01/2015,46.454
21/01/2015,47.78
22/01/2015,46.31
23/01/2015,45.59
26/01/2015,45.15
27/01/2015,46.23
28/01/2015,44.45
29/01/2015,44.53
30/01/2015,48.24
02/02/2015,49.57
03/02/2015,53.05
04/02/2015,48.45
05/02/2015,50.48
06/02/2015,51.69
09/02/2015,52.86
10/02/2015,50.02
11/02/2015,48.84
12/02/2015,51.21
13/02/2015,52.78
17/02/2015,53.682
18/02/2015,52.412
19/02/2015,51.562
20/02/2015,50.716
23/02/2015,49.45
24/02/2015,49.28
25/02/2015,50.99
26/02/2015,48.17
27/02/2015,49.76
02/03/2015,49.59
03/03/2015,50.52
04/03/2015,51.53
05/03/2015,50.76
06/03/2015,49.61
09/03/2015,50
10/03/2015,48.29
11/03/2015,48.17
12/03/2015,47.05
13/03/2015,44.84
16/03/2015,43.88
17/03/2015,43.806
18/03/2015,45.456
19/03/2015,44.902
20/03/2015,46.4
23/03/2015,47.45
24/03/2015,47.51
25/03/2015,49.21
26/03/2015,51.43
27/03/2015,48.87
30/03/2015,48.68
31/03/2015,47.6
01/04/2015,50.09
02/04/2015,49.14
06/04/2015,52.14
07/04/2015,53.98
08/04/2015,50.42
09/04/2015,50.79
10/04/2015,51.64
13/04/2015,51.91
14/04/2015,53.29
15/04/2015,56.39
16/04/2015,56.99
17/04/2015,56.372
20/04/2015,57.28
21/04/2015,56.34
22/04/2015,56.16
23/04/2015,57.74
24/04/2015,57.15
27/04/2015,56.99
28/04/2015,57.06
29/04/2015,58.58
30/04/2015,59.63
01/05/2015,59.15
04/05/2015,58.93
05/05/2015,60.4
06/05/2015,60.93
07/05/2015,58.94
08/05/2015,59.39
11/05/2015,59.25
12/05/2015,60.75
13/05/2015,60.5
14/05/2015,60.072
15/05/2015,60.03
18/05/2015,59.916
19/05/2015,57.844
20/05/2015,58.98
21/05/2015,60.72
22/05/2015,59.72
26/05/2015,58.03
27/05/2015,57.51
28/05/2015,57.68
29/05/2015,60.3
01/06/2015,60.2
02/06/2015,61.26
03/06/2015,59.64
04/06/2015,58
05/06/2015,59.13
08/06/2015,58.14
09/06/2015,60.14
10/06/2015,61.43
11/06/2015,60.77
12/06/2015,59.96
15/06/2015,59.52
16/06/2015,59.97
17/06/2015,60.002
18/06/2015,60.598
19/06/2015,59.826
22/06/2015,60.24
23/06/2015,61.01
24/06/2015,60.27
25/06/2015,59.7
26/06/2015,59.63
29/06/2015,58.33
30/06/2015,59.47
01/07/2015,56.96
02/07/2015,56.93
06/07/2015,52.53
07/07/2015,52.33
08/07/2015,51.65
09/07/2015,52.78
10/07/2015,52.74
13/07/2015,52.2
14/07/2015,53.04
15/07/2015,51.41
16/07/2015,50.976
17/07/2015,51.018
20/07/2015,50.324
21/07/2015,50.76
22/07/2015,49.19
23/07/2015,48.45
24/07/2015,48.14
27/07/2015,47.39
28/07/2015,47.98
29/07/2015,48.79
30/07/2015,48.52
31/07/2015,47.12
03/08/2015,45.17
04/08/2015,45.74
05/08/2015,45.15
06/08/2015,44.66
07/08/2015,43.87
10/08/2015,44.96
11/08/2015,43.08
12/08/2015,43.3
13/08/2015,42.23
14/08/2015,42.5
17/08/2015,41.978
18/08/2015,42.82
19/08/2015,41.082
20/08/2015,41.284
21/08/2015,40.45
24/08/2015,38.24
25/08/2015,39.31
26/08/2015,38.6
27/08/2015,42.56
28/08/2015,45.22
31/08/2015,49.2
01/09/2015,45.41
02/09/2015,46.25
03/09/2015,46.75
04/09/2015,46.05
08/09/2015,45.94
09/09/2015,44.15
10/09/2015,45.92
11/09/2015,44.63
14/09/2015,44
15/09/2015,44.59
16/09/2015,47.15
17/09/2015,46.96
18/09/2015,44.816
21/09/2015,46.848
22/09/2015,46.254
23/09/2015,44.48
24/09/2015,44.91
25/09/2015,45.7
28/09/2015,44.43
29/09/2015,45.23
30/09/2015,45.09
01/10/2015,44.74
02/10/2015,45.54
05/10/2015,46.26
06/10/2015,48.53
07/10/2015,47.81
08/10/2015,49.43
09/10/2015,49.63
12/10/2015,47.1
13/10/2015,46.66
14/10/2015,46.64
15/10/2015,46.478
16/10/2015,47.444
19/10/2015,46.124
20/10/2015,46.142
21/10/2015,45.2
22/10/2015,45.38
23/10/2015,44.6
26/10/2015,43.98
27/10/2015,43.2
28/10/2015,45.94
29/10/2015,46.06
30/10/2015,46.59
02/11/2015,46.14
03/11/2015,47.9
04/11/2015,46.32
05/11/2015,45.2
06/11/2015,44.29
09/11/2015,43.87
10/11/2015,44.21
11/11/2015,42.93
12/11/2015,41.75
13/11/2015,40.74
16/11/2015,41.74
17/11/2015,40.878
18/11/2015,41.23
19/11/2015,41.248
20/11/2015,41.598
23/11/2015,41.75
24/11/2015,42.87
25/11/2015,43.04
27/11/2015,41.71
30/11/2015,41.65
01/12/2015,41.85
02/12/2015,39.94
03/12/2015,41.08
04/12/2015,39.97
07/12/2015,37.65
08/12/2015,37.51
09/12/2015,37.16
10/12/2015,36.76
11/12/2015,35.62
14/12/2015,36.31
15/12/2015,37.35
16/12/2015,35.766
17/12/2015,35.478
18/12/2015,35.528
21/12/2015,35.596
22/12/2015,36.14
23/12/2015,37.5
24/12/2015,38.1
28/12/2015,36.81
29/12/2015,37.87
30/12/2015,36.6
31/12/2015,37.04
04/01/2016,36.76
05/01/2016,35.97
06/01/2016,33.97
07/01/2016,33.27
08/01/2016,33.16
11/01/2016,31.41
12/01/2016,30.44
13/01/2016,30.48
14/01/2016,31.382
15/01/2016,29.808
19/01/2016,29.126
20/01/2016,27.99
21/01/2016,29.53
22/01/2016,32.19
25/01/2016,30.34
26/01/2016,31.45
27/01/2016,32.3
28/01/2016,33.22
29/01/2016,33.62
01/02/2016,31.62
02/02/2016,29.88
03/02/2016,32.28
04/02/2016,31.72
05/02/2016,30.89
08/02/2016,29.69
09/02/2016,27.94
10/02/2016,27.45
11/02/2016,26.21
12/02/2016,29.44
16/02/2016,29.04
17/02/2016,31.124
18/02/2016,31.634
19/02/2016,30.906
22/02/2016,33.008
23/02/2016,31.87
24/02/2016,32.15
25/02/2016,33.07
26/02/2016,32.78
29/02/2016,33.75
01/03/2016,34.4
02/03/2016,34.66
03/03/2016,34.57
04/03/2016,35.92
07/03/2016,37.9
08/03/2016,36.5
09/03/2016,38.29
10/03/2016,37.84
11/03/2016,38.5
14/03/2016,37.18
15/03/2016,36.34
16/03/2016,38.768
17/03/2016,40.784
18/03/2016,40.46
21/03/2016,41.198
22/03/2016,41.45
23/03/2016,39.79
24/03/2016,39.46
28/03/2016,39.39
29/03/2016,38.28
30/03/2016,38.32
31/03/2016,38.34
01/04/2016,36.79
04/04/2016,35.7
05/04/2016,35.89
06/04/2016,37.75
07/04/2016,37.26
08/04/2016,39.72
11/04/2016,40.36
12/04/2016,42.17
13/04/2016,41.76
14/04/2016,41.5
15/04/2016,40.63
18/04/2016,40.344
19/04/2016,41.914
20/04/2016,43.87
21/04/2016,43.18
22/04/2016,43.73
25/04/2016,42.64
26/04/2016,44.04
27/04/2016,45.33
28/04/2016,46.03
29/04/2016,45.92
02/05/2016,44.78
03/05/2016,43.65
04/05/2016,43.78
05/05/2016,44.32
06/05/2016,44.66
09/05/2016,43.44
10/05/2016,44.66
11/05/2016,46.23
12/05/2016,46.7
13/05/2016,46.21
16/05/2016,47.72
17/05/2016,48.446
18/05/2016,48.426
19/05/2016,48.466
20/05/2016,48.278
23/05/2016,48.08
24/05/2016,48.62
25/05/2016,49.56
26/05/2016,49.48
27/05/2016,49.33
31/05/2016,49.1
01/06/2016,49.01
02/06/2016,49.17
03/06/2016,48.62
06/06/2016,49.69
07/06/2016,50.36
08/06/2016,51.23
09/06/2016,50.56
10/06/2016,49.07
13/06/2016,48.88
14/06/2016,48.49
15/06/2016,48.01
16/06/2016,46.316
17/06/2016,48.212
20/06/2016,49.724
21/06/2016,49.65
22/06/2016,49.13
23/06/2016,50.11
24/06/2016,47.64
27/06/2016,46.33
28/06/2016,47.85
29/06/2016,49.88
30/06/2016,48.33
01/07/2016,48.99
05/07/2016,46.6
06/07/2016,47.43
07/07/2016,45.14
08/07/2016,45.41
11/07/2016,44.76
12/07/2016,46.8
13/07/2016,44.75
14/07/2016,45.68
15/07/2016,46.09
18/07/2016,45.52
19/07/2016,45.13
20/07/2016,45.588
21/07/2016,44.75
22/07/2016,44.19
25/07/2016,43.13
26/07/2016,42.92
27/07/2016,41.92
28/07/2016,41.14
29/07/2016,41.6
01/08/2016,40.06
02/08/2016,39.51
03/08/2016,40.83
04/08/2016,41.93
05/08/2016,41.8
08/08/2016,43.02
09/08/2016,42.77
10/08/2016,41.71
11/08/2016,43.49
12/08/2016,44.49
15/08/2016,45.74
16/08/2016,46.58
17/08/2016,46.936
18/08/2016,48.488
19/08/2016,48.874
22/08/2016,47.338
23/08/2016,48.1
24/08/2016,46.77
25/08/2016,47.33
26/08/2016,47.64
29/08/2016,46.98
30/08/2016,46.35
31/08/2016,44.7
01/09/2016,43.16
02/09/2016,44.44
06/09/2016,44.83
07/09/2016,45.5
08/09/2016,47.62
09/09/2016,45.88
12/09/2016,46.29
13/09/2016,44.9
14/09/2016,43.58
15/09/2016,44.032
16/09/2016,43.266
19/09/2016,43.636
20/09/2016,43.928
21/09/2016,45.34
22/09/2016,46.32
23/09/2016,44.48
26/09/2016,45.93
27/09/2016,44.67
28/09/2016,47.05
29/09/2016,47.83
30/09/2016,48.24
03/10/2016,48.81
04/10/2016,48.69
05/10/2016,49.83
06/10/2016,50.44
07/10/2016,49.81
10/10/2016,51.35
11/10/2016,50.79
12/10/2016,50.18
13/10/2016,50.44
14/10/2016,50.35
17/10/2016,50.026
18/10/2016,50.422
19/10/2016,51.732
20/10/2016,50.59
21/10/2016,50.85
24/10/2016,50.52
25/10/2016,49.96
26/10/2016,49.18
27/10/2016,49.72
28/10/2016,48.7
31/10/2016,46.86
01/11/2016,46.67
02/11/2016,45.34
03/11/2016,44.66
04/11/2016,44.07
07/11/2016,44.89
08/11/2016,44.98
09/11/2016,45.27
10/11/2016,44.66
11/11/2016,43.41
14/11/2016,43.32
15/11/2016,45.81
16/11/2016,45.676
17/11/2016,45.644
18/11/2016,46.092
21/11/2016,48.09
22/11/2016,48.03
23/11/2016,47.96
25/11/2016,46.06
28/11/2016,47.08
29/11/2016,45.23
30/11/2016,49.44
01/12/2016,51.06
02/12/2016,51.68
05/12/2016,51.79
06/12/2016,50.93
07/12/2016,49.77
08/12/2016,50.84
09/12/2016,51.5
12/12/2016,52.83
13/12/2016,52.98
14/12/2016,51.04
15/12/2016,51.114
16/12/2016,52.32
19/12/2016,52.684
20/12/2016,53.086
21/12/2016,52.49
22/12/2016,52.95
23/12/2016,53.02
27/12/2016,53.9
28/12/2016,54.06
29/12/2016,53.77
30/12/2016,53.72
03/01/2017,52.33
04/01/2017,53.26
05/01/2017,53.76
06/01/2017,53.99
09/01/2017,51.96
10/01/2017,50.82
11/01/2017,52.25
12/01/2017,53.01
13/01/2017,52.37
17/01/2017,52.636
18/01/2017,51.404
19/01/2017,51.82
20/01/2017,53.06
23/01/2017,52.75
24/01/2017,53.18
25/01/2017,52.75
26/01/2017,53.78
27/01/2017,53.17
30/01/2017,52.63
31/01/2017,52.81
01/02/2017,53.88
02/02/2017,53.54
03/02/2017,53.83
06/02/2017,53.01
07/02/2017,52.17
08/02/2017,52.34
09/02/2017,53
10/02/2017,53.86
13/02/2017,52.93
14/02/2017,53.2
15/02/2017,53.208
16/02/2017,53.516
17/02/2017,53.628
21/02/2017,54.276
22/02/2017,53.59
23/02/2017,54.45
24/02/2017,53.99
27/02/2017,54.05
28/02/2017,54.01
01/03/2017,53.83
02/03/2017,52.61
03/03/2017,53.33
06/03/2017,53.2
07/03/2017,53.14
08/03/2017,50.28
09/03/2017,49.28
10/03/2017,48.49
13/03/2017,48.4
14/03/2017,47.72
15/03/2017,48.86
16/03/2017,48.848
17/03/2017,48.992
20/03/2017,48.634
21/03/2017,48.06
22/03/2017,48.04
23/03/2017,47.7
24/03/2017,47.97
27/03/2017,47.73
28/03/2017,48.37
29/03/2017,49.51
30/03/2017,50.35
31/03/2017,50.6
03/04/2017,50.24
04/04/2017,51.03
05/04/2017,51.15
06/04/2017,51.7
07/04/2017,52.24
10/04/2017,53.08
11/04/2017,53.4
12/04/2017,53.11
13/04/2017,53.18
17/04/2017,52.742
18/04/2017,52.586
19/04/2017,50.686
20/04/2017,50.622
21/04/2017,49.62
24/04/2017,49.23
25/04/2017,49.56
26/04/2017,49.62
27/04/2017,48.97
28/04/2017,49.33
01/05/2017,48.84
02/05/2017,47.66
03/05/2017,47.82
04/05/2017,45.52
05/05/2017,46.22
08/05/2017,46.43
09/05/2017,45.88
10/05/2017,47.33
11/05/2017,47.83
12/05/2017,47.84
15/05/2017,48.85
16/05/2017,48.66
17/05/2017,49.138
18/05/2017,49.474
19/05/2017,50.534
22/05/2017,51.05
23/05/2017,51.47
24/05/2017,51.36
25/05/2017,48.9
26/05/2017,49.8
30/05/2017,49.66
31/05/2017,48.32
01/06/2017,48.36
02/06/2017,47.66
05/06/2017,47.4
06/06/2017,48.19
07/06/2017,45.72
08/06/2017,45.64
09/06/2017,45.83
12/06/2017,46.08
13/06/2017,46.46
14/06/2017,44.73
15/06/2017,44.504
16/06/2017,44.832
19/06/2017,44.338
20/06/2017,43.454
21/06/2017,42.53
22/06/2017,42.74
23/06/2017,43.01
26/06/2017,43.38
27/06/2017,44.24
28/06/2017,44.74
29/06/2017,44.93
30/06/2017,46.04
03/07/2017,47.07
05/07/2017,45.13
06/07/2017,45.52
07/07/2017,44.23
10/07/2017,44.4
11/07/2017,45.04
12/07/2017,45.49
13/07/2017,46.08
14/07/2017,46.54
17/07/2017,46.062
18/07/2017,46.476
19/07/2017,47.24
20/07/2017,46.894
21/07/2017,45.77
24/07/2017,46.34
25/07/2017,47.89
26/07/2017,48.75
27/07/2017,49.04
28/07/2017,49.71
31/07/2017,50.17
01/08/2017,49.16
02/08/2017,49.59
03/08/2017,49.03
04/08/2017,49.58
07/08/2017,49.39
08/08/2017,49.17
09/08/2017,49.56
10/08/2017,48.59
11/08/2017,48.82
14/08/2017,47.59
15/08/2017,47.55
16/08/2017,46.78
17/08/2017,47.12
18/08/2017,48.57
21/08/2017,47.466
22/08/2017,47.792
23/08/2017,48.41
24/08/2017,47.43
25/08/2017,47.87
28/08/2017,46.57
29/08/2017,46.44
30/08/2017,45.96
31/08/2017,47.23
01/09/2017,47.29
05/09/2017,48.66
06/09/2017,49.16
07/09/2017,49.09
08/09/2017,47.48
11/09/2017,48.07
12/09/2017,48.23
13/09/2017,49.3
14/09/2017,49.89
15/09/2017,50
18/09/2017,50.086
19/09/2017,49.732
20/09/2017,50.634
21/09/2017,50.55
22/09/2017,50.66
25/09/2017,52.22
26/09/2017,51.88
27/09/2017,52.14
28/09/2017,51.56
29/09/2017,51.67
02/10/2017,50.58
03/10/2017,50.42
04/10/2017,49.98
05/10/2017,50.79
06/10/2017,49.29
09/10/2017,49.58
10/10/2017,50.92
11/10/2017,51.3
12/10/2017,50.6
13/10/2017,51.45
16/10/2017,51.87
17/10/2017,51.926
18/10/2017,52.128
19/10/2017,51.422
20/10/2017,51.766
23/10/2017,51.9
24/10/2017,52.47
25/10/2017,52.18
26/10/2017,52.64
27/10/2017,53.9
30/10/2017,54.15
31/10/2017,54.38
01/11/2017,54.3
02/11/2017,54.54
03/11/2017,55.64
06/11/2017,57.35
07/11/2017,57.2
08/11/2017,56.81
09/11/2017,57.17
10/11/2017,56.74
13/11/2017,56.76
14/11/2017,55.7
15/11/2017,55.368
16/11/2017,55.224
17/11/2017,56.646
20/11/2017,56.354
21/11/2017,56.83
22/11/2017,58.02
24/11/2017,58.95
27/11/2017,58.11
28/11/2017,57.99
29/11/2017,57.3
30/11/2017,57.4
01/12/2017,58.36
04/12/2017,57.47
05/12/2017,57.62
06/12/2017,55.96
07/12/2017,56.69
08/12/2017,57.36
11/12/2017,57.99
12/12/2017,57.14
13/12/2017,56.6
14/12/2017,57.048
15/12/2017,57.312
18/12/2017,57.196
19/12/2017,57.54
20/12/2017,58.09
21/12/2017,58.36
22/12/2017,58.47
26/12/2017,59.97
27/12/2017,59.64
28/12/2017,59.84
29/12/2017,60.42
02/01/2018,60.37
03/01/2018,61.63
04/01/2018,62.01
05/01/2018,61.44
08/01/2018,61.73
09/01/2018,62.96
10/01/2018,63.57
11/01/2018,63.8
12/01/2018,64.3
16/01/2018,63.73
17/01/2018,63.96
18/01/2018,63.926
19/01/2018,63.334
22/01/2018,63.554
23/01/2018,64.47
24/01/2018,65.61
25/01/2018,65.51
26/01/2018,66.14
29/01/2018,65.56
30/01/2018,64.5
31/01/2018,64.73
01/02/2018,65.8
02/02/2018,65.45
05/02/2018,64.15
06/02/2018,63.39
07/02/2018,61.79
08/02/2018,61.15
09/02/2018,59.2
12/02/2018,59.29
13/02/2018,59.19
14/02/2018,60.582
15/02/2018,61.272
16/02/2018,61.602
20/02/2018,61.812
21/02/2018,61.68
22/02/2018,62.77
23/02/2018,63.55
26/02/2018,63.91
27/02/2018,63.01
28/02/2018,61.64
01/03/2018,60.99
02/03/2018,61.25
05/03/2018,62.57
06/03/2018,62.6
07/03/2018,61.15
08/03/2018,60.12
09/03/2018,62.04
12/03/2018,61.36
13/03/2018,60.71
14/03/2018,60.96
15/03/2018,61.202
16/03/2018,62.368
19/03/2018,62.102
20/03/2018,63.512
21/03/2018,65.17
22/03/2018,64.3
23/03/2018,65.88
26/03/2018,65.55
27/03/2018,65.25
28/03/2018,64.38
29/03/2018,64.94
02/04/2018,63.01
03/04/2018,63.51
04/04/2018,63.37
05/04/2018,63.54
06/04/2018,62.06
09/04/2018,63.42
10/04/2018,65.51
11/04/2018,66.82
12/04/2018,67.07
13/04/2018,67.39
16/04/2018,66.22
17/04/2018,66.518
18/04/2018,68.47
19/04/2018,68.314
20/04/2018,68.396
23/04/2018,68.64
24/04/2018,67.7
25/04/2018,68.05
26/04/2018,68.19
27/04/2018,68.1
30/04/2018,68.57
01/05/2018,67.25
02/05/2018,67.93
03/05/2018,68.43
04/05/2018,69.72
07/05/2018,70.73
08/05/2018,69.06
09/05/2018,71.14
10/05/2018,71.36
11/05/2018,70.7
14/05/2018,70.96
15/05/2018,71.31
16/05/2018,71.49
17/05/2018,71.506
18/05/2018,71.316
21/05/2018,72.306
22/05/2018,72.186
23/05/2018,71.84
24/05/2018,70.71
25/05/2018,67.88
29/05/2018,66.73
30/05/2018,68.21
31/05/2018,67.04
01/06/2018,65.81
04/06/2018,64.75
05/06/2018,65.52
06/06/2018,64.73
07/06/2018,65.95
08/06/2018,65.74
11/06/2018,66.1
12/06/2018,66.36
13/06/2018,66.64
14/06/2018,66.89
15/06/2018,65.018
18/06/2018,65.786
19/06/2018,64.968
20/06/2018,65.812
21/06/2018,65.54
22/06/2018,68.58
25/06/2018,68.08
26/06/2018,70.53
27/06/2018,72.76
28/06/2018,73.45
29/06/2018,74.15
02/07/2018,73.94
03/07/2018,74.14
05/07/2018,72.94
06/07/2018,73.8
09/07/2018,73.85
10/07/2018,74.11
11/07/2018,70.38
12/07/2018,70.33
13/07/2018,71.01
16/07/2018,68.06
17/07/2018,67.896
18/07/2018,68.356
19/07/2018,68.728
20/07/2018,68.7
23/07/2018,67.89
24/07/2018,68.52
25/07/2018,69.3
26/07/2018,69.61
27/07/2018,68.69
30/07/2018,70.13
31/07/2018,68.76
01/08/2018,67.66
02/08/2018,68.96
03/08/2018,68.49
06/08/2018,69.01
07/08/2018,69.17
08/08/2018,66.94
09/08/2018,66.81
10/08/2018,67.63
13/08/2018,67.2
14/08/2018,67.04
15/08/2018,65.01
16/08/2018,65.344
17/08/2018,65.63
20/08/2018,65.824
21/08/2018,66.142
22/08/2018,67.86
23/08/2018,67.83
24/08/2018,68.72
27/08/2018,68.87
28/08/2018,68.53
29/08/2018,69.51
30/08/2018,70.25
31/08/2018,69.8
04/09/2018,69.87
05/09/2018,68.72
06/09/2018,67.77
07/09/2018,67.75
10/09/2018,67.54
11/09/2018,69.25
12/09/2018,70.37
13/09/2018,68.59
14/09/2018,68.99
17/09/2018,68.864
18/09/2018,69.746
19/09/2018,70.91
20/09/2018,70.416
21/09/2018,70.78
24/09/2018,72.08
25/09/2018,72.28
26/09/2018,71.57
27/09/2018,72.12
28/09/2018,73.25
01/10/2018,75.3
02/10/2018,75.23
03/10/2018,76.41
04/10/2018,74.33
05/10/2018,74.34
08/10/2018,74.29
09/10/2018,74.96
10/10/2018,73.17
11/10/2018,70.97
12/10/2018,71.34
15/10/2018,71.78
16/10/2018,71.92
17/10/2018,69.74
18/10/2018,68.674
19/10/2018,69.216
22/10/2018,69.322
23/10/2018,66.43
24/10/2018,66.82
25/10/2018,67.33
26/10/2018,67.59
29/10/2018,67.04
30/10/2018,66.18
31/10/2018,65.31
01/11/2018,63.69
02/11/2018,63.14
05/11/2018,63.1
06/11/2018,62.21
07/11/2018,61.67
08/11/2018,60.67
09/11/2018,60.19
12/11/2018,59.93
13/11/2018,55.69
14/11/2018,56.288
15/11/2018,56.548
16/11/2018,56.592
19/11/2018,57.112
20/11/2018,53.43
21/11/2018,54.63
23/11/2018,50.42
26/11/2018,51.63
27/11/2018,51.56
28/11/2018,50.29
29/11/2018,51.45
30/11/2018,50.93
03/12/2018,52.95
04/12/2018,53.25
05/12/2018,52.89
06/12/2018,51.49
07/12/2018,52.61
10/12/2018,51
11/12/2018,51.65
12/12/2018,51.15
13/12/2018,52.58
14/12/2018,51.254
17/12/2018,50.008
18/12/2018,46.456
19/12/2018,47.976
20/12/2018,45.88
21/12/2018,45.59
24/12/2018,42.53
26/12/2018,46.22
27/12/2018,44.61
28/12/2018,45.33
31/12/2018,45.41
02/01/2019,46.54
03/01/2019,47.09
04/01/2019,47.96
07/01/2019,48.52
08/01/2019,49.78
09/01/2019,52.36
10/01/2019,52.59
11/01/2019,51.59
14/01/2019,50.51
15/01/2019,52.11
16/01/2019,52.37
17/01/2019,52.186
18/01/2019,53.944
22/01/2019,52.922
23/01/2019,52.62
24/01/2019,53.13
25/01/2019,53.69
28/01/2019,51.99
29/01/2019,53.31
30/01/2019,54.23
31/01/2019,53.79
01/02/2019,55.26
04/02/2019,54.56
05/02/2019,53.66
06/02/2019,54.01
07/02/2019,52.64
08/02/2019,52.72
11/02/2019,52.41
12/02/2019,53.1
13/02/2019,53.9
14/02/2019,54.486
15/02/2019,55.746
19/02/2019,56.306
20/02/2019,57.112
21/02/2019,56.96
22/02/2019,57.26
25/02/2019,55.48
26/02/2019,55.5
27/02/2019,56.94
28/02/2019,57.22
01/03/2019,55.8
04/03/2019,56.59
05/03/2019,56.56
06/03/2019,56.22
07/03/2019,56.66
08/03/2019,56.07
11/03/2019,56.79
12/03/2019,56.87
13/03/2019,58.26
14/03/2019,58.61
15/03/2019,58.58
18/03/2019,59.206
19/03/2019,59.186
20/03/2019,60.15
21/03/2019,59.98
22/03/2019,59.04
25/03/2019,58.82
26/03/2019,59.94
27/03/2019,59.41
28/03/2019,59.3
29/03/2019,60.14
01/04/2019,61.59
02/04/2019,62.58
03/04/2019,62.46
04/04/2019,62.1
05/04/2019,63.08
08/04/2019,64.4
09/04/2019,63.98
10/04/2019,64.61
11/04/2019,63.58
12/04/2019,63.89
15/04/2019,63.4
16/04/2019,64.078
17/04/2019,63.804
18/04/2019,64.042
22/04/2019,65.58
23/04/2019,66.3
24/04/2019,65.89
25/04/2019,65.21
26/04/2019,63.3
29/04/2019,63.5
30/04/2019,63.91
01/05/2019,63.6
02/05/2019,61.81
03/05/2019,61.94
06/05/2019,62.25
07/05/2019,61.4
08/05/2019,62.12
09/05/2019,61.7
10/05/2019,61.66
13/05/2019,61.04
14/05/2019,61.78
15/05/2019,62.02
16/05/2019,62.908
17/05/2019,62.824
20/05/2019,63.166
21/05/2019,63.102
22/05/2019,61.42
23/05/2019,57.91
24/05/2019,58.63
28/05/2019,59.14
29/05/2019,58.81
30/05/2019,56.59
31/05/2019,53.5
03/06/2019,53.25
04/06/2019,53.48
05/06/2019,51.68
06/06/2019,52.59
07/06/2019,53.99
10/06/2019,53.26
11/06/2019,53.27
12/06/2019,51.14
13/06/2019,52.28
14/06/2019,52.51
17/06/2019,51.978
18/06/2019,53.984
19/06/2019,53.886
20/06/2019,56.986
21/06/2019,57.43
24/06/2019,57.9
25/06/2019,57.83
26/06/2019,59.38
27/06/2019,59.43
28/06/2019,58.47
01/07/2019,59.09
02/07/2019,56.25
03/07/2019,57.34
05/07/2019,57.51
08/07/2019,57.66
09/07/2019,57.83
10/07/2019,60.43
11/07/2019,60.2
12/07/2019,60.21
15/07/2019,59.58
16/07/2019,57.62
17/07/2019,56.808
18/07/2019,55.348
19/07/2019,55.708
22/07/2019,56.22
23/07/2019,56.77
24/07/2019,55.88
25/07/2019,56.02
26/07/2019,56.2
29/07/2019,56.87
30/07/2019,58.05
31/07/2019,58.58
01/08/2019,53.95
02/08/2019,55.66
05/08/2019,54.69
06/08/2019,53.63
07/08/2019,51.09
08/08/2019,52.54
09/08/2019,54.5
12/08/2019,54.93
13/08/2019,57.1
14/08/2019,55.23
15/08/2019,54.46
16/08/2019,54.846
19/08/2019,56.168
20/08/2019,56.172
21/08/2019,55.68
22/08/2019,55.35
23/08/2019,54.17
26/08/2019,53.64
27/08/2019,54.93
28/08/2019,55.78
29/08/2019,56.71
30/08/2019,55.1
03/09/2019,53.94
04/09/2019,56.26
05/09/2019,56.3
06/09/2019,56.52
09/09/2019,57.85
10/09/2019,57.4
11/09/2019,55.75
12/09/2019,55.09
13/09/2019,54.85
16/09/2019,62.9
17/09/2019,59.292
18/09/2019,58.082
19/09/2019,58.166
20/09/2019,58.09
23/09/2019,58.64
24/09/2019,57.29
25/09/2019,56.49
26/09/2019,56.41
27/09/2019,55.91
30/09/2019,54.07
01/10/2019,53.62
02/10/2019,52.64
03/10/2019,52.45
04/10/2019,52.81
07/10/2019,52.75
08/10/2019,52.63
09/10/2019,52.59
10/10/2019,53.55
11/10/2019,54.7
14/10/2019,53.59
15/10/2019,52.81
16/10/2019,53.36
17/10/2019,53.95
18/10/2019,53.816
21/10/2019,53.43
22/10/2019,54.416
23/10/2019,55.97
24/10/2019,56.23
25/10/2019,56.66
28/10/2019,55.81
29/10/2019,55.54
30/10/2019,55.06
31/10/2019,54.18
01/11/2019,56.2
04/11/2019,56.54
05/11/2019,57.23
06/11/2019,56.35
07/11/2019,57.15
08/11/2019,57.24
11/11/2019,56.86
12/11/2019,56.8
13/11/2019,57.12
14/11/2019,56.77
15/11/2019,57.742
18/11/2019,57.086
19/11/2019,55.294
20/11/2019,57.03
21/11/2019,58.58
22/11/2019,57.77
25/11/2019,58.01
26/11/2019,58.41
27/11/2019,58.11
29/11/2019,55.17
02/12/2019,55.96
03/12/2019,56.1
04/12/2019,58.43
05/12/2019,58.43
06/12/2019,59.2
09/12/2019,59.02
10/12/2019,59.24
11/12/2019,58.76
12/12/2019,59.18
13/12/2019,60.07
16/12/2019,60.196
17/12/2019,60.912
18/12/2019,60.882
19/12/2019,61.188
20/12/2019,60.44
23/12/2019,60.52
24/12/2019,61.11
26/12/2019,61.68
27/12/2019,61.72
30/12/2019,61.68
31/12/2019,61.06
02/01/2020,61.18
03/01/2020,63.05
06/01/2020,63.27
07/01/2020,62.7
08/01/2020,59.61
09/01/2020,59.56
10/01/2020,59.04
13/01/2020,58.08
14/01/2020,58.23
15/01/2020,57.816
16/01/2020,58.524
17/01/2020,58.564
21/01/2020,58.372
22/01/2020,56.74
23/01/2020,55.59
24/01/2020,54.19
27/01/2020,53.14
28/01/2020,53.48
29/01/2020,53.33
30/01/2020,52.14
31/01/2020,51.56
03/02/2020,50.11
04/02/2020,49.61
05/02/2020,50.75
06/02/2020,50.95
07/02/2020,50.32
10/02/2020,49.57
11/02/2020,49.94
12/02/2020,51.17
13/02/2020,51.42
14/02/2020,52.104
18/02/2020,52.146
19/02/2020,53.41
20/02/2020,53.86
21/02/2020,53.38
24/02/2020,51.43
25/02/2020,49.9
26/02/2020,48.73
27/02/2020,47.09
28/02/2020,44.76
02/03/2020,46.75
03/03/2020,47.18
04/03/2020,46.78
05/03/2020,45.9
06/03/2020,41.28
09/03/2020,31.13
10/03/2020,34.36
11/03/2020,32.98
12/03/2020,31.5
13/03/2020,31.73
16/03/2020,28.7
17/03/2020,27.026
18/03/2020,20.554
19/03/2020,25.634
20/03/2020,22.59
23/03/2020,23.36
24/03/2020,24.01
25/03/2020,24.49
26/03/2020,22.6
27/03/2020,21.51
30/03/2020,20.09
31/03/2020,20.48
01/04/2020,20.31
02/04/2020,25.32
03/04/2020,28.34
06/04/2020,26.08
07/04/2020,23.63
08/04/2020,25.09
09/04/2020,22.76
13/04/2020,22.41
14/04/2020,20.11
15/04/2020,19.87
16/04/2020,21.002
17/04/2020,20.974
21/04/2020,11.258
22/04/2020,13.78
23/04/2020,16.5
24/04/2020,16.94
27/04/2020,12.78
28/04/2020,12.34
29/04/2020,15.06
30/04/2020,18.84
01/05/2020,19.78
04/05/2020,20.39
05/05/2020,24.56
06/05/2020,23.99
07/05/2020,23.55
08/05/2020,24.74
11/05/2020,24.14
12/05/2020,25.78
13/05/2020,25.29
14/05/2020,27.624
15/05/2020,29.466
18/05/2020,31.718
19/05/2020,32.068
20/05/2020,33.49
21/05/2020,33.92
22/05/2020,33.25
26/05/2020,34.35
27/05/2020,32.81
28/05/2020,33.71
29/05/2020,35.49
01/06/2020,35.44
02/06/2020,36.81
03/06/2020,37.29
04/06/2020,37.41
05/06/2020,39.55
08/06/2020,38.19
09/06/2020,38.94
10/06/2020,39.6
11/06/2020,36.34
12/06/2020,36.26
15/06/2020,37.12
16/06/2020,38.38
17/06/2020,38.01
18/06/2020,38.924
19/06/2020,39.798
22/06/2020,40.676
23/06/2020,40.37
24/06/2020,38.01
25/06/2020,38.72
26/06/2020,38.49
29/06/2020,39.7
30/06/2020,39.27
01/07/2020,39.82
02/07/2020,40.65
06/07/2020,40.63
07/07/2020,40.62
08/07/2020,40.9
09/07/2020,39.62
10/07/2020,40.55
13/07/2020,40.1
14/07/2020,40.29
15/07/2020,41.2
16/07/2020,40.786
17/07/2020,40.654
20/07/2020,40.876
21/07/2020,41.928
22/07/2020,41.9
23/07/2020,41.07
24/07/2020,41.29
27/07/2020,41.6
28/07/2020,41.04
29/07/2020,41.27
30/07/2020,39.92
31/07/2020,40.27
03/08/2020,41.01
04/08/2020,41.7
05/08/2020,42.19
06/08/2020,41.95
07/08/2020,41.22
10/08/2020,41.94
11/08/2020,41.61
12/08/2020,42.67
13/08/2020,42.24
14/08/2020,42.01
17/08/2020,42.946
18/08/2020,42.982
19/08/2020,43.038
20/08/2020,42.772
21/08/2020,42.34
24/08/2020,42.62
25/08/2020,43.35
26/08/2020,43.39
27/08/2020,43.04
28/08/2020,42.97
31/08/2020,42.61
01/09/2020,42.76
02/09/2020,41.51
03/09/2020,41.37
04/09/2020,39.77
08/09/2020,36.76
09/09/2020,38.05
10/09/2020,37.3
11/09/2020,37.33
14/09/2020,37.26
15/09/2020,38.28
16/09/2020,40.16
17/09/2020,41.02
18/09/2020,41.194
21/09/2020,39.448
22/09/2020,39.76
23/09/2020,39.93
24/09/2020,40.31
25/09/2020,40.25
28/09/2020,40.6
29/09/2020,39.29
30/09/2020,40.22
01/10/2020,38.72
02/10/2020,37.05
05/10/2020,39.22
06/10/2020,40.67
07/10/2020,39.95
08/10/2020,41.19
09/10/2020,40.6
12/10/2020,39.43
13/10/2020,40.2
14/10/2020,41.04
15/10/2020,41.016
16/10/2020,40.976
19/10/2020,40.968
20/10/2020,41.652
21/10/2020,40.03
22/10/2020,40.64
23/10/2020,39.85
26/10/2020,38.56
27/10/2020,39.57
28/10/2020,37.39
29/10/2020,36.17
30/10/2020,35.79
02/11/2020,36.81
03/11/2020,37.66
04/11/2020,39.15
05/11/2020,38.79
06/11/2020,37.14
09/11/2020,40.29
10/11/2020,41.36
11/11/2020,41.45
12/11/2020,41.12
13/11/2020,40.13
16/11/2020,41.34
17/11/2020,41.474
18/11/2020,41.896
19/11/2020,41.836
20/11/2020,42.366
23/11/2020,43.06
24/11/2020,44.91
25/11/2020,45.71
27/11/2020,45.53
30/11/2020,45.34
01/12/2020,44.55
02/12/2020,45.28
03/12/2020,45.64
04/12/2020,46.26
07/12/2020,45.76
08/12/2020,45.6
09/12/2020,45.52
10/12/2020,46.78
11/12/2020,46.57
14/12/2020,46.99
15/12/2020,47.62
16/12/2020,47.856
17/12/2020,48.432
18/12/2020,49.184
21/12/2020,47.924
22/12/2020,47.02
23/12/2020,48.12
24/12/2020,48.23
28/12/2020,47.62
29/12/2020,48
30/12/2020,48.4
31/12/2020,48.52
04/01/2021,47.62
05/01/2021,49.93
06/01/2021,50.63
07/01/2021,50.83
08/01/2021,52.24
11/01/2021,52.25
12/01/2021,53.21
13/01/2021,52.91
14/01/2021,53.58
15/01/2021,52.384
19/01/2021,52.98
20/01/2021,53.296
21/01/2021,53.13
22/01/2021,52.27
25/01/2021,52.77
26/01/2021,52.61
27/01/2021,52.85
28/01/2021,52.34
29/01/2021,52.2
01/02/2021,53.55
02/02/2021,54.76
03/02/2021,55.69
04/02/2021,56.23
05/02/2021,56.85
08/02/2021,57.97
09/02/2021,58.36
10/02/2021,58.68
11/02/2021,58.24
12/02/2021,59.47
16/02/2021,60.05
17/02/2021,61.144
18/02/2021,60.524
19/02/2021,59.252
22/02/2021,61.658
23/02/2021,61.67
24/02/2021,63.22
25/02/2021,63.53
26/02/2021,61.5
01/03/2021,60.64
02/03/2021,59.75
03/03/2021,61.28
04/03/2021,63.83
05/03/2021,66.09
08/03/2021,65.05
09/03/2021,64.01
10/03/2021,64.44
11/03/2021,66.02
12/03/2021,65.61
15/03/2021,65.39
16/03/2021,64.8
17/03/2021,64.606
18/03/2021,60.024
19/03/2021,61.432
22/03/2021,61.558
23/03/2021,57.76
24/03/2021,61.18
25/03/2021,58.56
26/03/2021,60.97
29/03/2021,61.56
30/03/2021,60.55
31/03/2021,59.16
01/04/2021,61.45
05/04/2021,58.65
06/04/2021,59.33
07/04/2021,59.77
08/04/2021,59.6
09/04/2021,59.32
12/04/2021,59.7
13/04/2021,60.18
14/04/2021,63.15
15/04/2021,63.47
16/04/2021,63.154
19/04/2021,63.41
20/04/2021,62.624
21/04/2021,61.35
22/04/2021,61.43
23/04/2021,62.14
26/04/2021,61.91
27/04/2021,62.94
28/04/2021,63.86
29/04/2021,65.01
30/04/2021,63.58
03/05/2021,64.49
04/05/2021,65.69
05/05/2021,65.63
06/05/2021,64.71
07/05/2021,64.9
10/05/2021,64.92
11/05/2021,65.28
12/05/2021,66.08
13/05/2021,63.82
14/05/2021,65.37
17/05/2021,66.272
18/05/2021,65.494
19/05/2021,63.354
20/05/2021,61.962
21/05/2021,63.58
24/05/2021,66.05
25/05/2021,66.07
26/05/2021,66.21
27/05/2021,66.85
28/05/2021,66.32
01/06/2021,67.72
02/06/2021,68.83
03/06/2021,68.81
04/06/2021,69.62
07/06/2021,69.23
08/06/2021,70.05
09/06/2021,69.96
10/06/2021,70.29
11/06/2021,70.91
14/06/2021,70.88
15/06/2021,72.12
16/06/2021,72.15
17/06/2021,70.988
18/06/2021,71.5
21/06/2021,73.336
22/06/2021,72.892
23/06/2021,73.08
24/06/2021,73.3
25/06/2021,74.05
28/06/2021,72.91
29/06/2021,72.98
30/06/2021,73.47
01/07/2021,75.23
02/07/2021,75.16
05/07/2021,75.16
06/07/2021,73.37
07/07/2021,72.2
08/07/2021,72.94
09/07/2021,74.56
12/07/2021,74.1
13/07/2021,75.25
14/07/2021,73.13
15/07/2021,71.596
16/07/2021,71.71
19/07/2021,66.378
20/07/2021,67.244
21/07/2021,70.3
22/07/2021,71.91
23/07/2021,72.07
26/07/2021,71.91
27/07/2021,71.65
28/07/2021,72.39
29/07/2021,73.62
30/07/2021,73.95
02/08/2021,71.26
03/08/2021,70.56
04/08/2021,68.15
05/08/2021,69.09
06/08/2021,68.28
09/08/2021,66.48
10/08/2021,68.29
11/08/2021,69.25
12/08/2021,69.09
13/08/2021,68.44
16/08/2021,67.29
17/08/2021,66.54
18/08/2021,65.36
19/08/2021,63.576
20/08/2021,62.176
23/08/2021,65.64
24/08/2021,67.54
25/08/2021,68.36
26/08/2021,67.42
27/08/2021,68.74
30/08/2021,69.21
31/08/2021,68.5
01/09/2021,68.59
02/09/2021,69.99
03/09/2021,69.29
06/09/2021,69.29
07/09/2021,68.35
08/09/2021,69.3
09/09/2021,68.14
10/09/2021,69.72
13/09/2021,70.45
14/09/2021,70.46
15/09/2021,72.61
16/09/2021,72.562
17/09/2021,71.91
20/09/2021,70.2
21/09/2021,70.504
22/09/2021,72.23
23/09/2021,73.3
24/09/2021,73.98
27/09/2021,75.45
28/09/2021,75.29
29/09/2021,74.83
30/09/2021,75.03
01/10/2021,75.88
04/10/2021,77.62
05/10/2021,78.93
06/10/2021,77.43
07/10/2021,78.3
08/10/2021,79.35
11/10/2021,80.52
12/10/2021,80.64
13/10/2021,80.44
14/10/2021,81.31
15/10/2021,82.17
18/10/2021,82.14
19/10/2021,82.648
20/10/2021,83.51
21/10/2021,82.5
22/10/2021,83.76
25/10/2021,83.76
26/10/2021,84.65
27/10/2021,82.66
28/10/2021,82.81
29/10/2021,83.57
01/11/2021,84.05
02/11/2021,83.91
03/11/2021,80.86
04/11/2021,78.81
05/11/2021,81.27
08/11/2021,81.93
09/11/2021,84.15
10/11/2021,81.34
11/11/2021,81.59
12/11/2021,80.79
15/11/2021,80.88
16/11/2021,80.556
17/11/2021,78.036
18/11/2021,78.65
19/11/2021,75.972
22/11/2021,76.75
23/11/2021,78.5
24/11/2021,78.39
26/11/2021,68.15
29/11/2021,69.95
30/11/2021,66.18
01/12/2021,65.57
02/12/2021,66.5
03/12/2021,66.26
06/12/2021,69.49
07/12/2021,72.05
08/12/2021,72.36
09/12/2021,70.94
10/12/2021,71.67
13/12/2021,71.29
14/12/2021,70.73
15/12/2021,70.828
16/12/2021,72.288
17/12/2021,70.776
20/12/2021,68.534
21/12/2021,71.12
22/12/2021,72.76
23/12/2021,73.79
24/12/2021,73.79
26/12/2021,73.79
27/12/2021,75.57
28/12/2021,75.98
29/12/2021,76.56
30/12/2021,76.99
31/12/2021,75.21
03/01/2022,76.08
04/01/2022,76.99
05/01/2022,77.85
06/01/2022,79.46
07/01/2022,78.9
10/01/2022,78.23
11/01/2022,81.22
12/01/2022,82.64
13/01/2022,82.12
14/01/2022,83.716
18/01/2022,85.19
19/01/2022,86.264
20/01/2022,85.82
21/01/2022,85.14
24/01/2022,83.31
25/01/2022,85.6
26/01/2022,87.35
27/01/2022,86.61
28/01/2022,86.82
31/01/2022,88.15
01/02/2022,88.2
02/02/2022,88.26
03/02/2022,90.27
04/02/2022,92.31
07/02/2022,91.32
08/02/2022,89.36
09/02/2022,89.66
10/02/2022,89.88
11/02/2022,93.1
14/02/2022,95.46
15/02/2022,92.07
16/02/2022,93.66
17/02/2022,91.416
18/02/2022,90.726
21/02/2022,90.554
22/02/2022,91.998
23/02/2022,92.1
24/02/2022,92.81
25/02/2022,91.59
28/02/2022,95.72
01/03/2022,103.41
02/03/2022,110.6
03/03/2022,107.67
04/03/2022,115.68
07/03/2022,119.4
08/03/2022,123.7
09/03/2022,108.7
10/03/2022,106.02
11/03/2022,109.33
14/03/2022,103.01
15/03/2022,96.44
16/03/2022,95.04
17/03/2022,102.714
18/03/2022,104.056
21/03/2022,110.83
22/03/2022,109.768
23/03/2022,114.93
24/03/2022,112.34
25/03/2022,113.9
28/03/2022,105.96
29/03/2022,104.24
30/03/2022,107.82
31/03/2022,100.28
01/04/2022,99.27
04/04/2022,103.28
05/04/2022,101.96
06/04/2022,96.23
07/04/2022,96.03
08/04/2022,98.26
11/04/2022,94.29
12/04/2022,100.6
13/04/2022,104.25
14/04/2022,106.836
15/04/2022,106.95
18/04/2022,107.97
19/04/2022,102.254
20/04/2022,102.302
21/04/2022,103.79
22/04/2022,102.07
25/04/2022,98.54
26/04/2022,101.7
27/04/2022,102.02
28/04/2022,105.36
29/04/2022,104.69
02/05/2022,105.17
03/05/2022,102.41
04/05/2022,107.81
05/05/2022,108.26
06/05/2022,109.77
09/05/2022,103.09
10/05/2022,99.76
11/05/2022,105.71
12/05/2022,106.13
13/05/2022,110.49
16/05/2022,114.2
17/05/2022,111.846
18/05/2022,108.57
19/05/2022,110.818
20/05/2022,110.87
23/05/2022,110.29
24/05/2022,109.77
25/05/2022,110.33
26/05/2022,114.09
27/05/2022,115.07
31/05/2022,114.67
01/06/2022,115.26
02/06/2022,116.87
03/06/2022,118.87
06/06/2022,118.5
07/06/2022,119.41
08/06/2022,122.11
09/06/2022,121.51
10/06/2022,120.67
13/06/2022,120.93
14/06/2022,118.93
15/06/2022,115.31
16/06/2022,117.122
17/06/2022,108.932
20/06/2022,108.618
21/06/2022,109.746
22/06/2022,106.19
23/06/2022,104.27
24/06/2022,107.62
27/06/2022,106.3706
28/06/2022,110.0287
29/06/2022,111.8361
30/06/2022,109.5467
01/07/2022,105.9726
04/07/2022,108.1883
05/07/2022,110.3528
06/07/2022,101.0279
07/07/2022,98.2402
08/07/2022,102.4885
11/07/2022,104.4933
12/07/2022,103.0596
13/07/2022,94.5368
14/07/2022,95.587
15/07/2022,96.4966
18/07/2022,97.2274
19/07/2022,104.22
20/07/2022,102.26
21/07/2022,96.24
22/07/2022,94.7
25/07/2022,96.16
26/07/2022,95.69
27/07/2022,98.07
28/07/2022,97.4
29/07/2022,98.62
01/08/2022,93.74
02/08/2022,93.9
03/08/2022,91.16
04/08/2022,87.87
05/08/2022,89.01
08/08/2022,90.52
09/08/2022,90.49
10/08/2022,91.48
11/08/2022,93.96
12/08/2022,92.45
15/08/2022,92.45
16/08/2022,86.87
17/08/2022,87.68
18/08/2022,90.75
19/08/2022,90.77
22/08/2022,90.23
23/08/2022,93.77
24/08/2022,95.24
25/08/2022,92.92
26/08/2022,93.06
29/08/2022,96.79
30/08/2022,91.99
31/08/2022,89.2
01/09/2022,87.05
02/09/2022,86.87
05/09/2022,89.03
06/09/2022,86.79
07/09/2022,81.93
08/09/2022,82.96
09/09/2022,86.79
12/09/2022,88.03
13/09/2022,87.61
14/09/2022,88.93
15/09/2022,84.58
16/09/2022,85.11
19/09/2022,85.65
20/09/2022,84.45
21/09/2022,82.81
22/09/2022,83.57
23/09/2022,78.74
26/09/2022,76.72
27/09/2022,78.5
28/09/2022,81.71
29/09/2022,81.69
30/09/2022,79.49
03/10/2022,83.35
04/10/2022,86.47
05/10/2022,88.16
06/10/2022,88.87
07/10/2022,92.64
10/10/2022,90.86
11/10/2022,88.64
12/10/2022,87.22
13/10/2022,89.04
14/10/2022,85.61
17/10/2022,85.96
18/10/2022,83.75
19/10/2022,85.98
20/10/2022,85.98
21/10/2022,85.05
24/10/2022,84.92
25/10/2022,84.79
26/10/2022,88.2
27/10/2022,88.55
28/10/2022,87.9
31/10/2022,86.18
01/11/2022,88.68
02/11/2022,88.93
03/11/2022,87.96
04/11/2022,92.61
07/11/2022,91.79
08/11/2022,88.91
09/11/2022,85.83
10/11/2022,86.47
11/11/2022,88.86
14/11/2022,85.87
15/11/2022,86.82
16/11/2022,85.59
17/11/2022,81.64
18/11/2022,80.08
21/11/2022,79.73
22/11/2022,80.95
23/11/2022,77.94
24/11/2022,77.96
25/11/2022,76.55
28/11/2022,77.24
29/11/2022,78.91
30/11/2022,80.55
01/12/2022,81.41
02/12/2022,80.34
05/12/2022,76.93
06/12/2022,74.45
07/12/2022,72.01
08/12/2022,71.79
09/12/2022,71.59
12/12/2022,73.3
13/12/2022,75.39
14/12/2022,77.28
15/12/2022,76.37
16/12/2022,74.5
19/12/2022,75.67
20/12/2022,76.02
21/12/2022,78.42
22/12/2022,78.24
23/12/2022,79.35
26/12/2022,79.56
27/12/2022,79.87
28/12/2022,78.96
29/12/2022,78.71
30/12/2022,80.51
02/01/2023,80.26
03/01/2023,77.21
04/01/2023,72.84
05/01/2023,73.67
06/01/2023,73.73
09/01/2023,74.63
10/01/2023,74.71
11/01/2023,77.71
12/01/2023,78.39
13/01/2023,80.07
16/01/2023,78.85
17/01/2023,80.18
18/01/2023,79.48
19/01/2023,80.58
20/01/2023,81.4
23/01/2023,81.62
24/01/2023,80.26
25/01/2023,80.15
26/01/2023,81.01
27/01/2023,79.38
30/01/2023,77.9
31/01/2023,78.87
01/02/2023,76.7
02/02/2023,76
03/02/2023,73.23
06/02/2023,74.46
07/02/2023,77.59
08/02/2023,78.48
09/02/2023,77.66
10/02/2023,79.76
13/02/2023,79.16
14/02/2023,78.84
15/02/2023,78.5
16/02/2023,78.49
17/02/2023,76.33
20/02/2023,77.13
21/02/2023,76.05
22/02/2023,73.95
23/02/2023,75.39
24/02/2023,76.45
27/02/2023,75.68
28/02/2023,77.05
01/03/2023,77.69
02/03/2023,77.88
03/03/2023,79.85
06/03/2023,80.46
07/03/2023,77.58
08/03/2023,76.48
09/03/2023,75.72
10/03/2023,76.68
13/03/2023,74.63
14/03/2023,71.9
15/03/2023,68.26
16/03/2023,68.24
17/03/2023,66.74
20/03/2023,67.44
21/03/2023,69.33
22/03/2023,69.97
23/03/2023,69.54
24/03/2023,69.26
27/03/2023,72.81
28/03/2023,73.74
29/03/2023,72.87
30/03/2023,74.39
31/03/2023,75.67
03/04/2023,80.41
04/04/2023,81.02
05/04/2023,80.51
06/04/2023,80.7
07/04/2023,80.7
10/04/2023,79.85
11/04/2023,81.47
12/04/2023,83.13
13/04/2023,82.28
14/04/2023,82.52
17/04/2023,80.86
18/04/2023,80.93
19/04/2023,78.88
20/04/2023,77.29
21/04/2023,77.87
24/04/2023,78.59
25/04/2023,77.07
26/04/2023,74.41
27/04/2023,74.79
28/04/2023,76.78
01/05/2023,75.62
02/05/2023,71.62
03/05/2023,67.24
04/05/2023,68.74
05/05/2023,71.34
08/05/2023,73
09/05/2023,73.61
10/05/2023,72.89
11/05/2023,71.32
12/05/2023,70.04
15/05/2023,71.48
16/05/2023,70.63
17/05/2023,72.68
18/05/2023,71.99
19/05/2023,71.55
22/05/2023,71.99
23/05/2023,73.81
24/05/2023,74.21
25/05/2023,71.79
26/05/2023,72.67
29/05/2023,72.94
30/05/2023,69.54
31/05/2023,67.69
01/06/2023,70.07
02/06/2023,71.74
05/06/2023,71.94
06/06/2023,71.76
07/06/2023,72.42
08/06/2023,70.89
09/06/2023,70.17
12/06/2023,67.35
13/06/2023,69.42
14/06/2023,68.52
15/06/2023,70.68
16/06/2023,71.78
19/06/2023,71.29
20/06/2023,70.5
21/06/2023,72.52
22/06/2023,69.36
23/06/2023,69.16
26/06/2023,69.53
27/06/2023,68.03
28/06/2023,69.56
29/06/2023,69.59
30/06/2023,70.64
03/07/2023,69.79
04/07/2023,71.05
05/07/2023,71.79
06/07/2023,71.84
07/07/2023,73.86
10/07/2023,74.1
11/07/2023,74.83
12/07/2023,75.75
13/07/2023,77.23
14/07/2023,75.27
17/07/2023,74.1
18/07/2023,75.75
19/07/2023,75.23
20/07/2023,75.63
21/07/2023,77.07
24/07/2023,78.87
25/07/2023,79.32
26/07/2023,79.01
27/07/2023,79.63
28/07/2023,80.67
31/07/2023,81.64
01/08/2023,82.25
02/08/2023,79.71
03/08/2023,81.79
04/08/2023,82.82
07/08/2023,81.94
08/08/2023,82.75
09/08/2023,84.26
10/08/2023,82.89
11/08/2023,83.19
14/08/2023,82.39
15/08/2023,80.99
16/08/2023,79.38
17/08/2023,80.08
18/08/2023,81.25
21/08/2023,80.83
22/08/2023,80.25
23/08/2023,78.62
24/08/2023,79.05
25/08/2023,80.05
28/08/2023,80.01
29/08/2023,81.37
30/08/2023,81.63
31/08/2023,83.57
01/09/2023,85.55
04/09/2023,85.84
05/09/2023,86.81
06/09/2023,87.66
07/09/2023,86.7
08/09/2023,87.51
11/09/2023,87.3
12/09/2023,88.84
13/09/2023,88.7
14/09/2023,90.53
15/09/2023,90.77
18/09/2023,92.36
19/09/2023,91.56
20/09/2023,90.28
21/09/2023,89.76
22/09/2023,90.03
25/09/2023,89.78
26/09/2023,90.57
27/09/2023,93.84
28/09/2023,91.79
29/09/2023,90.79
02/10/2023,88.47
03/10/2023,89.39
04/10/2023,84.37
05/10/2023,82.89
06/10/2023,82.79
09/10/2023,86.45
10/10/2023,85.92
11/10/2023,83.2
12/10/2023,83.46
13/10/2023,87.69
16/10/2023,86.82
17/10/2023,88.06
18/10/2023,88.25
19/10/2023,90.3
20/10/2023,88.75
23/10/2023,86.51
24/10/2023,83.7
25/10/2023,85.39
26/10/2023,83.58
27/10/2023,85.54
30/10/2023,82.31
31/10/2023,81.02
01/11/2023,80.92
02/11/2023,82.53
03/11/2023,80.51
06/11/2023,80.82
07/11/2023,77.46
08/11/2023,75.45
09/11/2023,75.74
10/11/2023,77.17
13/11/2023,78.58
14/11/2023,78.26
15/11/2023,76.66
16/11/2023,72.9
17/11/2023,75.84
20/11/2023,78.03
24/11/2023,75.57
27/11/2023,75.67
28/11/2023,75.16
29/11/2023,76.59
30/11/2023,77.7
01/12/2023,75.63
04/12/2023,74.84
05/12/2023,73.24
06/12/2023,72.16
07/12/2023,69.34
08/12/2023,71.26
11/12/2023,71.32
12/12/2023,68.61
13/12/2023,69.47
14/12/2023,71.58
15/12/2023,71.79
18/12/2023,72.47
19/12/2023,73.58
20/12/2023,74.22
21/12/2023,73.89
22/12/2023,73.49
25/12/2023,73.56
26/12/2023,75.57
27/12/2023,74.11
28/12/2023,71.77
29/12/2023,71.33
01/01/2024,71.65
02/01/2024,70.38
03/01/2024,72.7
04/01/2024,72.19
05/01/2024,73.95
08/01/2024,70.77
09/01/2024,72.24
10/01/2024,71.37
11/01/2024,72.02
12/01/2024,72.76
15/01/2024,72.5
16/01/2024,72.4
17/01/2024,72.56
18/01/2024,74.08
19/01/2024,73.71
22/01/2024,75.01
23/01/2024,74.37
24/01/2024,75.09
25/01/2024,77.12
26/01/2024,78.23
29/01/2024,76.78
30/01/2024,77.79
31/01/2024,75.85
01/02/2024,73.82
02/02/2024,72.41
05/02/2024,72.78
06/02/2024,73.31
07/02/2024,73.86
08/02/2024,76.22
09/02/2024,76.6
12/02/2024,76.92
13/02/2024,77.87
14/02/2024,76.64
15/02/2024,76.44
16/02/2024,
17/02/2024,
18/02/2024,
19/02/2024,
20/02/2024,
21/02/2024,
22/02/2024,
23/02/2024,
24/02/2024,
25/02/2024,
26/02/2024,
27/02/2024,
28/02/2024,
29/02/2024,
01/03/2024,
02/03/2024,
03/03/2024,
04/03/2024,
05/03/2024,
06/03/2024,
07/03/2024,
